5.535344208587172,-1.1090123052515684,7.900645589706119
5.312708857049656,-1.6807653603979595,7.763024304367113
3.041303972862383,-4.682243007887409,6.772532864272083
4.249712355341438,-5.0642166447525,6.6997027152480415
5.394367597149327,-3.095873447600998,7.244687742694608
4.698248429020941,-4.881891634413883,6.725955926175471
4.7942863191987675,-3.8456663212354454,7.031115808400522
2.933953303411861,-4.916798562531863,6.702012457135776
3.69127751880251,-4.873138932254399,6.766627259674629
3.786538849745447,-3.3066750294788365,7.265027800407449
2.8417201904967904,-6.044791126622222,6.370237618857568
3.8235309187913025,-2.044135502414659,7.647724689906421
4.609655016423986,-1.8973281070244252,7.66521842084748
3.7407334769936162,-2.86010447154841,7.332991364526877
4.746506819645561,-2.3637536016505853,7.536502534353147
3.0409065025807074,-6.10361608272636,6.330398593114295
3.6976281748075976,-7.274785361390767,5.971743090787683
4.2947634953406215,-4.051098826549765,6.983660049887111
5.536269706276836,-4.353544123240287,6.8645989853536475
5.242505000862269,-2.6694858435795967,7.404613685556219
3.8674681685948356,-4.832797291143491,6.7102066947927606
2.5876858348459573,-3.9604519234637743,7.005345649300485
4.6305038106897145,-2.037887761090407,7.631773207102165
4.72095344120144,-3.662255817005201,7.086844672771783
4.761198143009666,-1.7904045299571711,7.746579009894145
4.231437326936274,-5.2451857214074185,6.542922760210915
3.3683344949580114,-5.109811772713282,6.670851854113434
3.4233877020625747,-4.213742243851327,6.963637613804943
4.695228023091441,-5.35405545505761,6.518599305876699
5.051428002910971,-1.6017733241391268,7.75218211183806
3.802558267387623,-5.175148043886816,6.63131328788976
3.3219406632366537,-5.404969962676544,6.542535122292739
4.68742413510956,-3.697757403905566,7.09579337513817
4.18517354140706,-2.222079702848632,7.572077513531053
5.17769871698231,-1.6583654015414715,7.718440471494647
3.2652300392968847,-5.403818277299173,6.552543991151023
5.552547602259235,-1.308370651682488,7.826465393459981
4.806589369197248,-4.248822999201709,6.938172239490366
6.479820229262061,-1.2917835430021998,7.8245684419575925
5.022063999237124,-1.9739351316306184,7.606199542847818
4.3045177429989385,-3.481510330872682,7.181551452949066
4.83391062706784,-3.3013130050072967,7.220562009516917
2.6146512950135445,-5.821010704851024,6.447824450114262
4.820668272608433,-2.9406413124719557,7.343396711719036
3.6095451429368346,-2.7796298970561186,7.378208440838246
4.711028004492536,-3.643534171642898,7.096366790579796
6.157784952360946,-2.1953518218036354,7.573792520251292
5.265120291920007,-0.6747287391726271,8.071244214231902
3.287614294512685,-3.9563537555416537,7.040277489631948
6.164367199265541,-2.735446182338509,7.365947134980267
1.9089514457775278,-6.2804851060086015,6.321611551398954
4.267910268976653,-5.1770309604594935,6.599159565933831
4.147970905463029,-3.887384921242483,6.9981880822530504
3.7346487775466155,-4.193298448488165,6.901103057804181
3.746807053012764,-3.746975159251987,7.068570010177926
5.457320704404783,-1.7512942685576514,7.710820003749368
4.5237240283518485,-3.59317902246975,7.150074426028631
3.7361145203516606,-5.111996226344383,6.6287452113845555
3.6741497763497355,-3.290650980595979,7.209813636261493
4.338668637237465,-3.7517292879387245,7.07149634671624
3.3609557262179712,-3.704105553091293,7.115668704128702
4.949644017165694,-2.9690362933861105,7.2910285734487825
4.480229977990495,-4.704096666178703,6.7916978924215226
4.4745240920861935,-5.3960411712000464,6.566271826993724
4.181654737906738,-4.10964041488855,6.9519237274130345
5.234506327674221,-4.239458057182031,6.876207761243651
4.010585074817227,-2.223929466975859,7.57280822565841
3.727739988935458,-4.987938708333282,6.725903556760563
1.819836295388484,-5.843742355542322,6.440646581135477
4.1772762559214955,-4.242273550526912,6.930082741782816
3.5717612183346494,-4.335507473712337,6.841575963266554
4.371919072060747,-5.190583572431772,6.624566326776816
3.6011787006597693,-4.553154602622581,6.862560614265932
4.7475456479299245,-3.4298941155460847,7.17305859223014
4.873740080641624,-2.962239414700589,7.339339767563049
3.103237410923293,-5.237599349156567,6.601936378951465
3.5017337890612996,-2.2426746899850167,7.571659696749078
2.9811977876255957,-4.628274510741403,6.78663928069026
4.177006045784361,-4.147146393488425,6.983500480633592
3.4310439991132635,-3.5767749616036224,7.167177224870509
3.570990853581003,-5.2843564197990025,6.58471029585862
3.0445016734361543,-4.21958651817843,6.934496059529319
3.7936267446086855,-3.8512268383268413,7.056706890120123
3.17479698428716,-2.8997710472633935,7.397485426866847
6.175442370831544,-0.26317984391396587,8.178756447858387
3.428289408542175,-3.8650995808680797,7.042664986293107
2.9654262720155398,-5.7859857441644325,6.4236972457338934
4.175646731711723,-2.687801380913074,7.446466564312111
3.4727800769312616,-4.07057113695159,7.021721478102497
3.461823607855745,-6.3898923523910645,6.249374570565381
3.665413649773667,-4.925474515121146,6.67586543143766
3.4466285407113624,-4.088019986245084,6.98644643723487
3.9532064123755464,-3.3310976106026002,7.194496271149217
3.668005834436744,-4.2867937702649055,6.9060966580726415
5.303936741995978,-3.961988710582587,7.01528683417263
4.590881863742912,-4.465761345106613,6.822966941531963
2.2015281040972643,-5.7568757985007615,6.480975783522049
3.5621125800857483,-5.406464622851346,6.502977473249857
6.2511771387589565,-3.8405080744869475,7.011604125306653
3.6521300025316514,-4.92130620638127,6.694599330684182
3.8138438016427654,-6.301217834187157,6.291822735964052
5.365208000631096,-0.9576912873754004,8.002847405668975
4.174640682048747,-3.2355779210135447,7.210567334561072
5.012082011495277,-3.176520771151097,7.239187676765841
4.7723219226928135,-3.181122371731379,7.24054536282492
5.353588908965177,-3.94548416721235,7.005127299341247
5.9120415788628735,-3.5285672064259805,7.132806428118913
4.8815429918981845,-3.1170640144292343,7.257871768593531
3.322278061063244,-5.9738283057049895,6.387590153964315
5.083176059375216,-2.808798635608107,7.385313211472507
4.350105939567019,-2.3125119530884644,7.553360378796433
4.270907093487888,-4.944763183461314,6.692818473648026
4.282464131085877,-3.5508535529879692,7.123724734325176
3.359750559712471,-5.8624187381329635,6.409071783322669
3.206056535223116,-4.439296093684363,6.860672046087769
4.391343970211512,-4.639793443525571,6.80451505171315
4.1466648806642565,-3.0169144395380005,7.3548731519443065
4.966055142001567,-2.8557917741790773,7.3559557966991935
3.0876978855995354,-3.8066903790387787,7.085120725935018
3.8850582345704727,-5.805176903878108,6.438821033974553
4.378848609405725,-3.691974948205276,7.08951491865673
3.5516083410403256,-5.3900616733595275,6.540730398185814
3.7897778133494686,-2.5488339103045097,7.46031481280001
6.242901432663754,0.9164182641639842,8.542191285855486
3.9047908564378075,-4.083629944189861,6.9802942308201485
3.841299759288887,-4.218915776534325,6.921390328890577
4.102788372694268,-3.876637769784212,7.0094613979372795
4.880647504435315,-2.259068845561632,7.537370068961616
4.340767391244954,-4.37140990060539,6.912390805882688
3.9047233444516354,-5.4013532660195205,6.586234566741659
3.814613396527753,-3.824760209003637,7.039013643199937
4.748975457837981,-3.3937343758678273,7.227692275978848
4.757060619615081,-3.9610119375518265,7.01739129366764
4.876451811341719,-4.8101651113215835,6.751757164212308
3.444334005664924,-6.926474791999016,6.090868038361124
5.172984240699242,-2.2383936585797946,7.554401920758467
3.502691541501749,-5.261999737781003,6.633105953791475
2.5262942335058893,-7.404961371662274,5.915109146956348
2.816970057784774,-7.1908982069751985,5.9971631491507855
5.780567026664379,-2.317016830402244,7.504897746561498
3.9147780829730654,-4.494328354074057,6.825355770308683
4.4555477898887546,-4.346772104144637,6.9044889184536125
2.3293441401879864,-5.844815476046799,6.429744864719781
2.635515637465484,-5.21961038056318,6.647121348835997
2.8147469709604125,-4.084709150751617,6.9883771328081465
3.635916615550047,-1.6836560635760907,7.748953344531055
4.162330243280098,-3.6044983150643914,7.131580746614582
4.499546185535247,-4.01075362215626,6.958108877992911
3.2883165698349712,-3.8037009367574135,7.062819590913344
3.29283832704277,-4.008164626590995,6.9835071098696995
4.209493396433777,-4.817230127091517,6.732728629533315
4.770743450071253,-3.9666889063330766,7.009895089847005
4.594148243230964,-4.263599487468677,6.911600422469991
3.4739243757633114,-6.309689299543551,6.292722800946341
5.298395169392708,-1.7320732700255732,7.724935813210077
4.773043049434761,-3.885913157776373,7.023161906293861
3.7548520387428317,-4.05289670514199,6.948782698577781
3.911819433067067,-4.675077519375441,6.7634067525879455
4.723284644247426,-3.3387509233765855,7.181983415995909
1.893789409122233,-5.786542453957511,6.464270178031872
4.925287314417269,-1.2958691346133322,7.8429909198828005
4.661004356845145,-4.108318454201808,6.956315058642268
3.4097082209153244,-6.014485138762543,6.384405202581606
2.9600515710172477,-5.436757439227369,6.55313774868
3.7707687233810385,-4.915580907974001,6.7247209448111605
4.5571149754585605,-3.5483136187778612,7.152816215805761
3.5932701316256312,-5.190241099246642,6.657030791626937
3.2423527217329013,-5.73816748530431,6.436236903285886
3.5910128868152915,-4.909486753693842,6.712035942488041
4.197014261081607,-3.037922989416247,7.3031943159204395
6.467715399239864,-1.7808947717858454,7.668661536101365
4.411660579987136,-5.2396923811035565,6.596376765650358
4.589331512746303,-3.287297922620185,7.26291282153254
2.941624776123568,-3.0409115577590278,7.318733583257981
3.104841255396561,-4.811049182169853,6.76126638551975
2.8883019507591836,-5.505807211617918,6.5600916642248
1.938958976391679,-6.729139892757932,6.156761902049759
4.710334174222502,-2.906607231828395,7.363156066833746
4.252012855945215,-4.762992466421634,6.757705932532004
3.7342431611613454,-5.651714063937227,6.532379425532158
1.8695186895023674,-6.870819120271138,6.119278307729226
5.392492997832008,-2.564543685829457,7.435680712743921
3.1707893055369323,-5.704182008489803,6.4824476293803555
2.6124190929927606,-5.353097469567079,6.600657889541525
4.443099207315235,-2.9759173997772423,7.337587265306557
2.193695742926267,-5.722696294893495,6.447950509955926
3.0029713220776624,-5.213593124905367,6.6586384352026355
2.979304390565389,-6.218224026447308,6.2921606135511485
3.8968422202306052,-4.131224357947306,6.942881606547557
5.179758379717623,-2.7151440867276317,7.338730344052478
2.4870671093067713,-6.3097224140796,6.266323489187027
3.97649836438759,-2.917776702139811,7.383338314175645
2.354666787310202,-6.224342792888319,6.314455587740923
3.2694689786200137,-4.56668606834241,6.810446134118236
4.4440436596046435,-5.008643197285284,6.6698775932368175
3.642765199492838,-4.9099614891711445,6.711958098683235
2.813570607974854,-5.710754121415632,6.433183041067944
3.8458342598212782,-3.011724253824709,7.331957735806258
3.9082232799061587,-5.144254403337329,6.650018799536954
3.3976756453083676,-4.3181230680833895,6.862636828796186
-2.1298842265135525,-1.1297924685917702,-3.9934674662226994
-2.8653290783052996,-3.5172532497444,-6.506108932668704
-2.427801271125761,-2.005403208653062,-4.883483417560746
-2.8768633883741312,-2.0788012787355226,-5.302931851396035
-3.014925962226718,-2.210925322938468,-5.832895421006878
-3.039223734705225,-2.9095924421307036,-6.216727672061763
-2.338877293723707,-2.984441689153023,-5.121859915586404
-4.374062948257102,-3.719827395265455,-8.109727138114224
-3.0784207901767426,-3.4798060808789484,-6.661523224649967
-2.1739462320101515,-1.2872933322454836,-4.326567482937915
-2.4755770686215843,-1.9971740904199347,-5.073548901187514
-4.0459656117505665,-3.62700585545248,-7.739310002948566
-3.3835481648281376,-3.414610847815887,-6.673523496036577
-2.5441980673006173,-2.430560961263428,-4.778967883149387
-4.273260929700437,-3.891132710052468,-8.143977602310269
-2.909762497444309,-4.103167455184989,-6.4372865244923005
-3.0191531354214702,-3.4010174294243165,-6.480022844691431
-3.4746619694774012,-3.5239771520631296,-7.049091780654785
-2.775897188965191,-2.545492028498735,-5.200651519941058
-3.3378865379556824,-2.5666318591014208,-6.5184911427825485
-2.8970216461503266,-1.9269133453986678,-5.267550612271674
-3.773704272317879,-3.63216393343172,-6.968138404218024
-2.668733948076914,-3.664973126432606,-6.324394848805868
-3.3445933014235774,-3.215766628914841,-6.383716129612211
-3.4214706630972396,-3.222679995427937,-6.926443630439401
-2.331091563702607,-3.0079374329433337,-4.8712447499491915
-3.469224050709061,-2.4154847389582317,-6.298847800125238
-2.0600256310166474,-2.5696878678732995,-4.982504919337159
-2.9364386364508537,-4.17068335536314,-6.591298812112928
-3.784246136253902,-4.1658530253229,-7.1556276825384035
-3.508856097101014,-3.3891255583423607,-7.36356102879699
-3.4427408451061896,-2.455326974508723,-5.636164484586251
-3.6367012236507414,-2.6474768404984066,-6.882885538398504
-3.3573143681175823,-3.1313869855946446,-6.292827043912255
-3.97657392782983,-3.1317379904309313,-7.05741854322949
-1.332319873074074,-2.2507962266170516,-3.6340798668471868
-1.9604256745053892,-2.0612058222984526,-4.36432491354518
-3.7158069122893504,-3.548163252214456,-6.895938101197199
-1.710183321362105,-2.2771422160457897,-4.155264975550416
-3.369965609744328,-3.13533880873388,-6.016750605119792
-3.3194509016855647,-2.079323519376179,-5.78179393777992
-1.7074058266740624,-1.8023514570990948,-3.6258615747922747
-3.832502749328778,-3.275080585343991,-7.303921698261073
-2.735306072455823,-2.6438649888517345,-5.618293076136869
-3.4369780123113762,-3.7108615813234516,-6.915786120491106
-3.651696682213489,-3.352402764008492,-7.287078062554772
-2.8295803929591457,-2.930663538311476,-5.411546657610094
-2.516634556036518,-2.205314952179344,-4.799296071040272
-3.737915719441942,-3.2166889041229134,-6.887998218436734
-3.3194237340771817,-3.478747375683256,-6.816101297279697
-2.664200387971539,-2.456046336808361,-5.494227226659098
-2.472680739321011,-2.4819196934158123,-5.119853583311983
-2.744538862752588,-2.4278525538419964,-5.5959902137554325
-3.20590367190368,-2.9449377803673764,-6.665540788596326
-1.743401813443854,-2.4724199148131856,-4.188136795508129
-3.007932642727677,-2.6988799738627236,-5.758001246947586
-3.454579969560677,-2.672590055777746,-6.253044549491092
-3.47566713727904,-3.6246896194741653,-6.913351083385484
-2.2872304240186856,-2.6244007215546543,-5.109923184579329
-2.660734408405573,-2.475609409993426,-5.151654357427741
-2.2065514928083276,-3.2722909073547566,-5.171628716085641
-4.0290040570830294,-4.958867900819909,-8.15234802565752
-3.873921201200435,-4.17734756489256,-6.799626692756687
-2.6650326518598866,-2.059910553723933,-5.706006899070742
-3.0361862653859037,-3.875521906174681,-6.7331141529609955
-3.555026139922908,-3.5639709974705993,-6.934714921715031
-3.537984984066152,-3.4240439611726448,-6.683457435215186
-3.449918376389175,-2.1177174068078677,-6.273662543557737
-3.369089191035455,-2.6783856316304053,-6.1210137944709775
-3.3309271964818836,-4.152158704180235,-6.747894607250332
-3.570792218902563,-3.0192315865844264,-6.7385858183008684
-1.8093210154907047,-1.7218613551331552,-3.911659917004273
-3.1384833108932946,-3.465890671789505,-6.667986146093902
-2.2877780802405354,-2.130848905771164,-4.572714885147509
-3.010987637082347,-2.2244761632073553,-5.927119318324814
-2.4656557155382908,-2.86323998752795,-5.541081885959065
-2.907558319323794,-2.3009916956660454,-5.286536663938285
-2.874124639418132,-2.88587114967494,-5.607332141458719
-3.000497458556304,-3.008716672246399,-6.112175740529185
-4.268524772253548,-4.113944937203609,-8.055052840083938
-3.2174592102224384,-3.2580597739550274,-6.443685405508046
-3.2741529197027606,-4.039828145106153,-7.049410495571653
-2.0395927437102737,-1.3134304303751974,-4.4124966863507655
-2.348463582748524,-2.8441490126831095,-5.141784457531967
-2.916160750927136,-3.0957995877547853,-5.995127969497586
-2.5797504776667775,-2.386684710664447,-5.610503171824423
-3.833828642543366,-2.862400031788191,-7.009939728356282
-2.0770164175775174,-1.7435378883768895,-4.734800292847293
-2.4645900085563714,-2.371169743452918,-5.101063967821138
-4.062596220291992,-3.9974330483622733,-7.728002951160569
-2.751697337829931,-2.502785986173821,-5.459800668781909
-3.29725714230548,-1.6626021472056933,-5.777251376231624
-4.104949670826133,-3.925119636822906,-7.391102417826381
-2.764354812138328,-4.070586307842982,-6.380020191365064
-3.91052624346321,-2.8177785954937526,-6.9376261947877556
-2.111039785582165,-3.027616155065845,-4.8110024799029825
-3.5291915108383827,-3.72652409156881,-7.116074486558379
-2.745734881021414,-2.177871818213032,-5.6554346037372145
-2.502125448687859,-1.6901682509005733,-4.619315572488033
-2.6536024293788016,-3.0275679006829233,-5.945617480978946
-3.234603170378475,-3.0597400321367147,-6.560498590905173
-4.2536424635320405,-3.7981053325073635,-7.93253973469192
-3.1672161233541383,-3.5048203198861816,-6.240765625026547
-3.0322630705549933,-2.140613108984706,-5.614867697631483
-3.7386786792356297,-3.8328602253181856,-7.047251644512048
-2.316534693990716,-2.9863869497423483,-5.41541220008317
-2.824568130242238,-3.7287751972678524,-5.86584505755063
-2.7212381430238617,-2.731645919779857,-5.827304491533684
-2.501250084767948,-3.078222595759062,-5.8182285872659785
-2.6910007203222084,-3.374907361497845,-5.758638704023212
-3.661270465130125,-3.095993744262974,-7.003524544377881
-2.739004925960812,-2.860141386339497,-5.912747029226558
-3.643757621953829,-3.191360170248263,-6.7078585191598545
-2.9346203372023436,-3.383530253276142,-6.102140872689931
-2.85355344635784,-3.5626256859775407,-6.690347104716458
-2.668381702963914,-2.4440379562859498,-5.768297432417046
-1.9267540445801619,-1.2493449214153076,-3.505165376925802
-2.0839901025487437,-2.971292293129418,-4.718053437615181
-3.397700437785184,-4.149515086105632,-7.017989325604972
-4.2948347597184515,-3.369736091406533,-7.619776634220175
-3.669045679950147,-3.122303407113668,-6.834532033936858
-2.900439338029015,-2.6048205180885216,-6.054054734883624
-3.0617306193026934,-3.532544024208914,-6.1641644803821185
-2.383246676205145,-3.1479856287128154,-5.31595381753278
-2.248596671558623,-2.3268342480947832,-5.265617046775853
-2.9152339954969997,-3.627290216752884,-5.99761112490422
-3.7795436884337192,-4.180382164745128,-7.49724461786586
-2.2129526677690237,-2.212703274958095,-4.736864586584062
-2.387219073416594,-2.5124014049041374,-4.854524495607359
-3.255024738905784,-2.9613280532515023,-6.16376877532349
-2.871410471302981,-3.3010023334656946,-5.505887947615554
-2.3780605816531035,-3.3037316287792557,-5.129542168114328
-3.1120617748174593,-2.467706653349249,-6.186896426602439
-2.8203861710575686,-2.180131372338975,-5.478583575656025
-2.643161320034231,-3.2003134831004205,-5.689155559360082
-2.3816810368596224,-2.393674626905944,-5.215336151117832
-2.9136553255369315,-2.706755446554979,-5.870813002673252
-3.1254289816618352,-3.5978250089588966,-6.1299830265740765
-2.425874652549665,-1.8550043928792521,-4.619335599905291
-2.9893278067715663,-2.4460112646808687,-5.670760287734075
-2.6026352775656463,-3.282633841285249,-6.038434962113507
-3.133334998145581,-2.553024150786226,-6.2696972057570965
-3.758074136701218,-3.3592281216837216,-6.586099626057747
-3.317433903853071,-4.216222014592814,-7.152247069524192
-3.3800444516311368,-3.0026709365343853,-6.6440279796593344
-3.020657632055418,-2.5854243803134827,-5.885137091317084
-3.109812432208515,-2.9346636400429515,-5.64755923055261
-3.6487831839984106,-2.951706370693955,-7.12584630634476
-2.743682421658347,-2.0238653174042462,-5.213093712448211
-3.108464611460541,-3.8653854472982268,-6.563049656583874
-3.98578442175193,-4.591313616159007,-8.1833832003705
-3.2150959165844806,-3.089253045110062,-6.529069435917607
-3.265757352913737,-2.795181563241049,-5.846728188746759
-3.350410641135446,-2.0884308184167675,-6.420697131454453
-2.995682839479543,-2.051359139665468,-5.455526021752257
-2.7270893637179747,-4.284637201590478,-6.58279745166812
-2.5563139192725672,-3.0327298422175777,-5.648900528745076
-3.6020066069205816,-3.765685467600458,-7.2461997275199685
-2.546755401142969,-2.9801488876985642,-5.856689589083647
-2.751959822448592,-2.2844834646618333,-5.5809382367275155
-2.108386719452932,-2.0711057882201724,-4.161541934703251
-2.383550506293478,-2.144813415727314,-5.013618753491276
-2.425739986963656,-2.216879940452434,-5.034492526289196
-2.46199070227129,-2.4030693768008526,-4.917152657708159
-2.793339820915724,-1.82803569460152,-5.142604771412906
-1.9749808513129559,-0.7131227274605507,-4.09639716362059
-2.9681612064697243,-2.8449565868650377,-5.600329129123604
-3.2495858881878816,-3.3496739693685753,-6.311381420720318
-3.6719379861331385,-4.43316923904636,-7.544957039226135
-3.776655405288758,-4.396799311822796,-7.65782387490807
-2.997436148325596,-3.148599596225891,-6.240307809243294
-2.0693656742765927,-2.1602600189010084,-4.589248565907184
-3.072587979409215,-2.865439528306137,-6.495812282832682
-3.557103755517315,-4.106501216180667,-6.958668614266637
-3.5856351421531616,-3.1118825348934473,-6.808886195038602
-3.4091606927733062,-2.461535500579285,-6.192863731613148
-3.4844600218121986,-2.45579632310321,-5.942488524876005
-2.4528184698412616,-2.634935087276902,-5.077274628041022
-3.5131399006794686,-3.2966775947255056,-6.533453914848023
-3.8298202173176032,-3.433836430671026,-7.401417906257161
-2.2649428082735263,-2.0064776119749435,-4.562684567696441
-3.106784511468978,-2.917631988727836,-6.458212999584359
-4.140544112385732,-3.3620230588719107,-7.474741324260597
-3.0164708192631253,-2.335501814531762,-5.481914676011947
-3.953650193338003,-4.714776107218007,-7.611800493702052
-3.280861681111321,-3.821969562408733,-6.508459037808589
-3.1246083946742487,-2.081239418418431,-5.880218895339813
-3.783746278632398,-3.7012225450143665,-6.915765439292629
-2.9744145067099996,-2.7767036020319584,-6.035250735602526
-2.121032453009975,-2.431195738516037,-3.815085049200063
-3.067653636308764,-3.73495051523717,-6.333242378419195
-1.6539044651602837,-2.7997509126983267,-4.405362584454002
-3.3624835312892243,-3.664577035962725,-6.450591209429994
-2.8450455750159866,-1.899255237563878,-5.1838641568247645
-3.6584345615049143,-2.5689143836805086,-6.753117366772378
-1.9208730455664347,-2.2305321045552153,-4.68971744854423
-2.03561998825041,-1.6774325104715369,-4.147375031495095
-3.303662753218377,-2.4557065855908666,-6.2894972468521555
-4.52870282656831,-4.7111810541535935,-8.61270233938815
-3.0884070989533305,-3.8811099976021763,-7.000150630237491
-2.3680823239794857,1.9578289889496439,-2.3417393199131618
-4.526395362959221,0.1920312476292647,-2.94525143217437
-1.8316141351036546,3.326048887140321,-0.8550617766559088
-2.71073495602374,1.62056466657969,-2.5762608278777384
-2.5051421707253563,2.540709863928907,-2.023279144094043
-3.57087991033366,2.4349886912874656,-1.5676597006304807
-4.073702625616158,1.3854657629179266,-2.603259455273326
-2.7450234943409804,2.213068011575113,-1.935624998026771
-1.5851722419200038,2.9051900440191534,-1.0384789641639878
-4.150943497795096,-0.10177397327199245,-4.030581604594847
-4.176099175403259,1.5190898109954287,-2.5179997159820493
-3.3174525766158927,1.9251935126353188,-1.8302880412278475
-2.863059450831049,1.2567553733742325,-2.6180631781893138
-3.0756853076986337,2.802386898552482,-1.2617818580328402
-2.153301157348944,3.9221302725870233,-0.1936295123519396
-2.082074454830399,3.2421774272800192,-0.8443152075978462
-2.5299284190398286,2.865020507945457,-1.7351739059645583
-4.2047519599593866,0.5282949514847328,-3.064752341056831
-2.221663479748574,3.0293635913292434,-1.0440598662021525
-3.2417273311878554,1.0929921665874085,-2.622767185020014
-1.668605117970833,2.0301499696688476,-2.2545654632307293
-3.5866151598170406,0.839953656081103,-2.745742652293944
-3.3285148751118174,1.8615503819015953,-1.7253793660811576
-2.3735138654412613,3.8037229672552226,-0.2185173992298446
-3.574953351878128,1.657146493814171,-2.338934976000601
-2.4629522851495316,1.646691707496967,-1.7399313442804158
-3.4000145916985347,1.2365665205965575,-2.9457483147192636
-2.7093363659667187,2.9108284208635,-1.2803255587958344
-4.9167145957494185,0.7158518069300419,-3.022946281823354
-3.56907561503312,0.4546827497811279,-3.4253636364113564
-2.5650939647442654,2.259442880910417,-1.8805310187148208
-1.4483205032627753,4.539696251193218,-0.44093100345275116
-4.320913746175485,-0.7817370674628292,-4.67373948894835
-4.365976939083475,0.5074839411516616,-3.5792964997971435
-2.5266860412453673,2.1376919470210334,-2.1928021873448977
-0.08309904608600505,4.51080107830327,0.10986568798734142
-4.062688609331399,2.4718455169061913,-1.9638743180959854
-3.3375784232415513,1.5423557783326385,-2.5996478528552927
-3.555064748755984,2.254754557422626,-1.279588502512155
-2.124736581693139,3.427787681789046,-1.2633510301757942
-2.336770941497192,2.421959139232044,-1.3276602506607365
-0.6516013070823425,4.523656728599366,0.661598609263419
-2.7074914053673256,2.0597522725745177,-1.242871182095799
-3.927987254375788,1.3138568200429064,-2.897855426594586
-4.835333522298456,-0.09321534007552845,-4.402976218076805
-3.715567423446419,1.1553630055544697,-2.922326310504497
-2.4626007617969226,1.359198181145691,-2.7497628577052247
-1.067925437047239,3.8633739478770037,-0.24312082262118095
-4.094509598603386,2.133938713911987,-1.7235548986089273
-3.7409050929102508,1.5185260790407142,-2.046185229718898
-4.169380201052781,1.031019081433925,-2.542206995607484
-3.35042591644499,0.2837642835546268,-2.899974981735083
-1.3497740230970898,4.198655687337807,0.3238814080655703
-3.3450250363942406,1.8336785385124033,-2.4314743757452577
-0.6927282507143615,3.441953579843292,-0.5475853328233784
-2.5496656341050077,1.7624871011943386,-2.395048676964482
-2.3084724866996216,2.5307545096033954,-1.4019314939934528
-4.0738976747615,1.6754847640584642,-2.279504333520831
-4.462201031767392,-0.2641933063231612,-3.395086807247588
-3.9435401260980347,2.5601949491974136,-1.9463669954019545
-3.339666657257155,1.6068964824681795,-2.1200735935177097
-2.186090000597869,2.1037084069724727,-2.2560684836823204
-2.366392798816774,1.6778997951161099,-2.1642383635846407
-2.5046487906116908,1.6560619984330265,-2.313383501229191
-1.9222154190157705,3.000838556265299,-1.5130581248663706
-3.2834981254389697,1.9349421014198962,-1.8636743271380538
-4.130120932810126,1.3067080099662178,-2.35422002186415
-4.7136473652860875,-0.7599771828208097,-4.514845355640482
-2.0495984487704213,3.5639751573181675,-0.7668244962842035
-3.0101493843782205,1.8905287719433632,-2.167871740960973
-1.8860902304094929,3.575399622875128,-0.5856671590475426
-5.3013750837614495,-1.195390492506898,-5.04616921913896
-4.277111190803204,-0.5148343094923487,-4.436201605044772
-2.904658390471304,2.1230833243300897,-2.727536363131404
-2.656031544711114,2.535836174077826,-1.6416588624707167
-4.169845025087658,1.1907280118886798,-2.547833798723721
-4.809171425139974,-0.1657681422131394,-3.646366700855217
-3.0496515686804893,1.761612682490856,-2.3346834080182757
-2.84645793123432,1.9441094193549409,-2.044259065275536
-2.1085378390969556,2.8193536340942935,-1.6014542488167176
-2.577616043299609,1.727493323592616,-2.4242875632190706
-4.472028290227987,1.1431708101048925,-2.4970618408318317
-1.5154548199493207,3.422796629978705,-0.5610518191149121
-2.65235398777643,2.0329275629935557,-2.60044743942945
-4.044192137049877,0.5327844393317394,-3.2979071067131702
-2.1751120532993924,3.771336062185319,-0.20622177434979339
-2.732112211188742,2.284452144495682,-2.1718974844451404
-2.840570889207292,2.4556826948674826,-1.5183588064713316
-1.8918302094404997,3.149575168790241,-1.3216218199047653
-3.4498870552465952,1.3164082958479029,-2.0419006298229414
-3.8325082563242243,0.7494300468851007,-3.164239333227888
-2.840244053086644,1.666188980971083,-2.3067114151728934
-4.434217170537728,-0.32074410021223176,-4.222734596528939
-2.0166657515258892,3.301578770856537,-0.8993201778064417
-2.0191572517031067,2.540820432833358,-1.1186422227103194
-4.486391364549298,0.06961520182142511,-3.958969630625228
-4.641694761493699,0.8634505053703712,-3.3012659705120946
-1.3749532644835616,3.6993560492604294,-0.7513218373824406
-2.990964076376158,2.1437638594502384,-1.730510620891509
-2.6529317929754015,3.1414414005709226,-0.39541061132317834
-3.680348432864378,0.35907151486431754,-3.658017343571554
-1.9228423828613037,2.6309913812792756,-1.8659980923519022
-3.075138883009387,0.9301195721284115,-2.6098687533713214
-3.2297870403732998,2.651122187223108,-1.9520235479760986
-1.7320808993476218,3.905062289411793,-0.8709236273511771
-3.481678733225794,1.566985742163626,-2.5908678912775027
-3.6278061446264442,0.9750790968505763,-2.300027619858488
-4.430023159849016,2.431445238279111,-1.8143533492186203
-3.7795309830735975,1.3655493547999402,-2.819405658074765
-3.2358104424055223,2.100582323382351,-2.127736637576262
-3.6141672741609283,-0.03233210269994702,-3.4477313496089734
-1.526214291021198,3.407731333110799,-0.780074643823844
-3.6065826541355257,0.9077390266710947,-3.418915294868447
-1.9992428241047913,2.0707623333721785,-2.16648717711558
-3.6540390317049405,0.937714920133286,-2.3498888386611227
-3.0800718487865417,1.5527945754308752,-2.902619202224809
-2.9416605998087424,3.289577099156059,-0.7684254551024297
-2.918606337054931,1.1662604601789346,-2.5656323464796027
-3.9798404237910723,1.5472062749945794,-2.673513651459764
-3.029948050828029,1.7970640468476518,-2.081826727926724
-2.9481424008952435,0.5659509216541032,-3.42931200541645
-2.4702311935062684,3.5892241226657227,-0.6475865055177235
-4.365399179010082,1.641964597891035,-2.0874727113733664
-3.290695125297026,1.671354713327394,-2.703276575481868
-4.326795582033391,1.270040581229372,-2.9348162456453544
-1.2817607786893206,3.503731325950463,-0.2579512224824878
-2.761697428380873,1.5115429725559026,-2.445202326446555
-4.384173262284566,1.7305901502860315,-1.8555390080428333
-4.096549726710458,1.915835223422439,-2.24674531219792
-2.6530852283505326,1.869978737601207,-2.420472750749749
-4.081813019882344,1.7788837724958964,-2.278183478230092
-3.1797460328234073,2.242106545340657,-2.077592541679352
-1.7272346390610367,1.5177819405577748,-1.7113309932561025
-3.4929113157726395,0.8942381642552821,-3.1672331162542973
-2.9562954511521866,3.1843563407572493,-0.7120448974571933
-3.1550987992551565,0.6625952829086184,-3.3787983540708018
-2.3879115581340176,1.7885812347416732,-2.4473780985676
-3.4606469270167426,1.2641311199236924,-2.4881321182850913
-3.7306471298253796,1.1289925647507673,-2.693046896082304
-3.5307929103225506,1.2723604643101318,-3.017077727223267
-2.142432537119907,2.8993274596326524,-1.4787765519615892
-2.8124262439830043,2.568554677150657,-0.9754932240838357
-1.2717681595994617,5.227458201766439,0.955221618056719
-5.228804044348578,1.2027560331632368,-2.865052826129476
-3.8566778184580346,1.6467925455966166,-2.783083638922578
-4.4940614889202575,1.4375930738649179,-2.6679613163389195
-3.3594475187101427,0.6401556833125885,-3.378530004891873
-2.1437577681626596,3.202523885146004,-0.7716967406726625
-3.655842282916204,1.2087770547334116,-2.3362156027894394
-2.260352032327048,1.8552903281659665,-2.176987183273777
-3.4816525611159035,2.8060780230834093,-1.385055200414402
-2.72815705524688,2.1619441260292973,-2.5085038759174734
-3.4183204311814865,1.871902944010022,-2.641316421015677
-4.103398923217645,0.1727156559969647,-3.39121937601653
-2.3495854894443577,2.468410792754158,-1.9740429191431295
-3.893420680195133,0.3986874078354843,-2.919900776899668
-1.9322517122041165,1.8935073412389325,-2.0960665227394464
-2.363133861730127,2.3815806633495913,-1.0579290585365597
-4.748022513794881,-0.9962671085083903,-4.834883543672509
-4.254578189660305,1.7193369111704284,-1.9793353011638652
-2.2535492448177092,3.112087052904408,-1.1437530974624663
-2.7043285644408095,2.9344599037744876,-1.5299013239098227
-1.5242161019912224,3.930017998765129,-0.4230729653520038
-2.7776833875369293,2.590891154807332,-1.4252235488383462
-3.199854902241825,2.037823441933526,-1.8969424915939057
-3.8699759855205977,2.170612945812671,-2.2168237214998308
-3.2658413736015834,1.6820367864430128,-1.8376216858298087
-2.2760558523759578,3.857975914200267,0.03183660131909383
-1.1489324604251283,2.599777868441567,-1.5983042768775932
-3.456426368843974,0.462180958878313,-3.970432134769885
-1.7778035346712917,3.822205085765751,-0.25100616191685776
-3.111865090730426,1.6394726169981977,-2.9663608801265364
-3.096828214601795,1.6016638900260842,-1.6520540266674888
-1.8396104649614347,2.0085234338961766,-1.7123877623870771
-2.598907616660659,1.9801504359799549,-2.0662708943387216
-4.0174829088420605,1.0176572521789067,-2.7663784141433485
-4.2176487855537745,1.0985813568225622,-2.878742174974252
-3.0924538604280354,2.840268749373183,-1.024850989497414
-3.118749888287675,1.2923323661461796,-2.375205899066792
-2.1863762934614384,3.0808663621670767,-1.2735648091436285
-3.8953991723501393,1.5466755843178033,-2.5394705695636555
-3.1504298212491886,0.36504782954559234,-3.9097519876461426
-3.6743042504596928,1.12491857383735,-2.554092261807349
-2.697303618858518,1.629772027901684,-2.2703451374834223
-3.095086062912249,1.8868699769303487,-2.4828092523412213
0.01380531556905007,5.372003841912613,1.4674403998260943
-2.992614797078854,3.0387854997744794,-0.921474192677721
-2.3140848901574302,4.030494434214329,-0.07784631955870247
-1.55406563647271,2.990288521429888,-1.1124490516210856
-3.5105941694697265,0.019555442328690553,-3.918383599142258
-2.8022487639652347,2.008924640765201,-1.5771455235925211
-2.948248522644042,2.164725391959927,-2.430420192463405
-3.657579513034868,1.3241163736943045,-2.660844041379679
-2.5131486926272717,2.3909419458463046,-1.0743639912462908
-3.691803008146015,1.6193244199602423,-2.1598535868592283
-2.6063369439417414,1.9699347179703839,-2.0170185119977666
0.029272207727069066,5.75592374810857,1.4430064355510774
-1.818904981974729,3.767030650163603,-0.23566622683984684
-2.14433774079229,4.2505625439265895,0.5468938496725859
-2.9871923730989884,2.3825762358842253,-1.9242441550527118
0.9117734102691966,-1.9491092401326218,-7.1970690476230885
0.37560007895115466,-3.1016443367140876,-9.744948747567904
1.6950327397901939,-1.132775857234732,-6.881722766191725
1.8952931605384273,-0.7677892378125695,-6.41422114043879
1.0188027643959288,-2.630316750642658,-8.3598007544224
1.144587987481033,-1.4143897549160855,-7.748982457720626
2.0871967429260123,-1.6078325040390773,-7.151910303095825
0.8059930260306514,-1.6759057925476064,-8.0518421130457
1.5832727369152657,-1.4302142286926034,-7.941723823137212
1.3878465484674098,-1.749117978865855,-8.557219157966276
1.1165491686685263,-1.8576327660471965,-6.903639029510333
1.5928417107115131,-1.2785609695887064,-6.864453983451704
3.7279852785729712,0.44254761181997737,-5.714510919272529
1.085134631193411,-1.6811879728677295,-6.4004895312321715
3.471516826069837,0.17252658872316884,-6.003722885223242
1.4292644864204311,-1.6270540277824719,-8.252658458638221
2.318090623437616,-0.5258150939570511,-5.300029673258027
1.7858873069261523,-1.284481989447246,-8.230824476991497
1.5612799769587526,-1.1953261774326807,-6.402777901657523
2.219370057098423,-1.5925321592761423,-7.01508879890571
1.291337269878504,-2.033863816578758,-8.014435262423829
1.2420772965750277,-1.527268067181597,-8.305703814798225
2.4046759454293936,-1.1231279743265163,-8.355045648056544
1.44062850393034,-1.6780176229282888,-7.295575340217587
2.044251976639445,-0.8105635247624382,-7.1635419493383266
1.7145249384818533,-1.573829861794132,-7.856348628016608
2.4559067500921907,-0.7151967508019563,-6.925768719377065
0.932165352335536,-2.362116579526384,-8.351865707422
0.5883503152375893,-3.1585213486880868,-10.679523061319546
1.2291507668226547,-1.1403478679883554,-7.9656802019864035
1.9014848036393355,-1.7752101084374492,-7.778059532040398
1.1265975173143314,-1.9987161512896416,-8.455410682661949
2.2366276481958822,-0.18596761509713777,-4.944929703639153
1.2941831957953898,-2.572850680474226,-8.862266818065926
2.494208017060418,-1.0316999237176605,-6.612789699372925
0.9190908951262238,-2.034653833035059,-7.964396594964833
2.1593721401785833,-0.8372759345160323,-6.27207273853508
2.6197635144581284,-0.2446469544011991,-5.455641201690634
2.995428697817244,-0.4095768745739442,-5.9276788057349705
3.8782760829076377,1.148839160376225,-3.749775628033987
1.7523988290210721,-0.886705109193347,-6.534178154006436
2.3154925476677626,-0.49380167357401017,-6.914441710821227
2.2049946467157313,-1.031475323925309,-6.120281475656939
1.8854679047694063,-1.0950875056729756,-6.638047400890095
0.7840262576014203,-2.4044452614750744,-8.71157609532754
2.0255589657778983,-0.547424356364882,-6.5352656184936535
1.4539169437333137,-1.6312600472103362,-7.92038734832885
2.6315473658161648,-0.01330309691330367,-5.504640353221383
2.1877570057021414,-0.7033159531497855,-6.658058592115952
2.687991552920735,-0.4109604711968312,-5.8908038342368245
2.540081566535137,-0.600515229196414,-5.984648978801591
2.9101491611976704,0.25752853558272903,-5.8761464787756506
0.49144872763825065,-2.454381719655613,-8.209531068272934
1.5847184897365232,-1.0652484687386317,-7.715049376704836
1.0903116325914282,-2.3314160382320495,-6.559488948606347
3.1379050731346707,0.6369671254182254,-4.51848011940411
2.3173012522193037,-0.33339062403711595,-5.922118663667328
2.5179137936184306,-0.18184168751434993,-5.637838193051434
1.4816356472542846,-1.9552818607359368,-9.473317199327472
1.0928022313521009,-1.4299368207459349,-7.632927972222752
2.1646184061729246,-0.7432714735655315,-6.946124920118832
1.495361219292484,-1.9425036409313443,-8.588486163500997
1.6790820277833074,-1.2828498936909831,-8.535770124844342
0.5697084676944852,-3.0205115406065923,-9.00920036837909
1.3567093866393998,-1.8419181855269828,-7.937195170557817
1.5987318046174466,-1.2212149873874447,-7.4754670471995235
0.9252502409881502,-2.094867715779115,-9.0365328467865
0.6833846058787252,-2.2211882190746683,-7.760174869774933
1.6812549585210226,-1.2381829183651671,-7.645999806944587
2.7261360892676794,-0.3015504839884293,-6.059643610246849
2.124167244584575,-0.9416788793589832,-6.871797359362923
1.695097343685327,-1.1007584542553996,-7.736792582823815
1.2730148638785104,-1.6395279362639326,-7.044457387482089
4.420988088012692,1.0703083938677769,-4.55353180700792
1.2821409489116657,-1.3985117657703299,-7.0983565155008765
2.1888239421807927,0.09796155164685105,-5.713466022926777
1.6496189132389807,-1.7424275070699278,-7.155337343308592
0.13567241960079657,-2.4067909464254518,-7.819234078403547
1.9503498544124607,-1.0424350873861152,-6.352782104234839
1.5342430450780813,-1.2657756883499018,-7.603333861435662
3.399885939943148,1.043659857174601,-6.019192358959552
3.375586686395824,0.23261028802945516,-4.691619098003676
0.022018339454136893,-2.9132832779585303,-7.91168411685516
1.8711417216578066,-1.0316460317636555,-7.02673209523202
2.260415542890059,-1.0051728110825668,-7.745027084887667
1.6972532524620898,-1.7749647067936385,-7.769881036964163
0.9046398862309935,-2.6171547969464894,-9.340085550318781
2.2946112031489476,-0.9338813827200653,-6.3386257510986255
0.31655074827777896,-2.85427052895131,-8.306043581387264
1.3092963919072185,-1.4577087914594622,-7.839405830546003
2.812034515527598,0.13190029517605217,-7.174532346974166
2.095836702336754,-0.9630520969903318,-5.752589303579532
1.7059209945964922,-0.8122932788787334,-6.369162530212535
3.571591343365103,0.5302452633125077,-4.5639506589558
1.8011474448050668,-1.0719981112238646,-7.196406471102166
1.1682020905496346,-0.691710577558767,-7.640181698823824
1.5563999304703708,-1.899074667330357,-8.516407027810917
2.203465443149892,-1.0283003673604687,-7.938650487162419
2.9267108654682827,0.07912372022751013,-7.384844097514254
-0.2198817177613095,-2.5927943220903873,-9.136191796090424
2.3950498884250835,-0.4029010221599786,-6.147491681677895
1.5925456196739898,-0.5249226105772604,-7.5251461037552705
2.4322833497328245,-0.4577918416330906,-7.279026589592874
1.7089113817993593,-1.0285661244863382,-6.8241464893464965
3.645859465403186,0.21833594512791077,-5.086072032083988
2.683232754530579,-0.951111452250639,-7.481593082920619
2.8463165800654338,0.22942038260056763,-5.896483122754848
2.1054747684942283,-0.8700364710757134,-5.779429974109706
3.0195851083463516,0.33863401456699793,-5.778706380742232
2.5981156485933177,-0.5092097280835508,-5.7096989690404305
2.0533487414752916,-1.0912470550386355,-7.267579901678432
1.7158396664065692,-0.9813509769386751,-8.311626755396713
3.348069141920159,0.5779022295561542,-5.054343401469762
0.3299878764876598,-2.231982099325562,-10.30279155875654
2.14714633242653,-0.9471114667603462,-7.3994867932098805
1.9221955520361431,-0.9018804849845943,-6.388799759140861
2.3257322250400576,-0.7091685430749004,-4.9603131661694615
3.5015389480185135,0.7464088612675028,-5.111990269092404
2.330149829264121,-1.0146170705561521,-6.0599989885885925
1.9079177075932336,-0.996123121796896,-6.766715044288222
1.599434825728109,-1.8585987885747315,-8.213377828977375
3.159404147414385,-0.1261956739094543,-7.63791802423144
1.954951688858408,-1.0159077513648278,-7.501141787284837
2.6382908814867685,-0.7794712705392389,-6.5028023174812875
2.5237565863776616,0.24857174194516785,-6.8005709042343785
3.69854915917196,0.614528840146283,-5.785370092331612
1.3546517381322425,-1.1488491015861741,-7.541529053218553
2.0635954740111746,-0.4850787820021125,-7.8291226409212875
2.7147179749132295,-0.04467190973564894,-5.700951534397631
2.1849283541792657,-1.1305515007850522,-6.723719913256257
2.183220747590925,-0.4166932787926515,-5.783921405855704
3.645902223563276,1.1410833629621338,-4.147385284860631
2.232897533299283,-1.4573150194621254,-8.211828492071824
1.8266439698929413,-1.0478678383380162,-7.250152840075422
1.1255321974580517,-1.8474619146991844,-7.924384887429251
1.960794966433126,-0.7692522650591778,-5.373843280005487
2.69616723076134,0.24326612576398432,-6.427453783275666
2.11384980755225,-1.1200192552805341,-7.370845954943447
2.375090913160228,-0.5451449062896209,-6.542016668752713
2.145560836790536,-0.378218225786184,-6.542473550508939
2.072409332993013,-0.03735798912509103,-7.102109073197674
2.761946550654112,-0.31930500742138634,-5.579740953699382
1.0849891128285567,-1.814922611320835,-8.21748774505661
0.7466438715006334,-2.692711167980873,-7.892934723107917
0.4897932483706775,-2.0282423499765523,-8.276562053397651
1.8845200343041488,-0.6879724181437816,-6.966905420899807
0.6900416515622037,-1.8680566088836634,-8.089961163821256
-0.5511441929350447,-3.9216338653925327,-10.292967500037346
2.263431991264949,-0.45074378392987124,-7.274682047371745
2.206245692724653,-0.5013527561783411,-5.771100451460892
1.944921630624144,-1.0635785424134099,-8.185270628426876
1.6235381234650084,-1.420278534768196,-6.790085623748047
3.456487611189659,-0.057224458585222626,-6.0821560675156014
2.217782854687255,-1.1292679461012245,-7.284022549116211
1.365058635953847,-0.7430766679461593,-7.091717038859054
2.8254315436080017,-0.28358481849250194,-7.393592017985767
1.354517146347741,-1.6996811194628216,-9.048034415066466
2.207626806484865,-1.7267096243890985,-8.01060328417219
2.190212779820716,-0.6255467815604547,-7.3028215732026425
1.614234770714662,-1.1909362972284974,-7.653179274451982
1.0515480611978085,-1.979902623076127,-8.478393635472088
1.3491746185332638,-1.0094633574967495,-6.46337856215012
1.288262728179292,-1.6740704127602264,-8.21790847862463
2.746671235958934,-0.5682520601611336,-6.312674622973787
0.6657782138851409,-1.4864393531347107,-8.275439868647847
2.496034785488657,-0.16148731814077355,-6.757689746416006
0.806838131796652,-2.1428562795509007,-7.567075105499138
2.52114204947905,-1.69175570704706,-7.624241812470821
2.324002952999672,-0.9272056350302109,-6.672027873844548
2.6191570992234725,-0.46519382776313734,-6.909525575706685
1.9389437669081515,-1.0873607453473575,-7.615990719986754
1.3821308838173159,-1.8321554691744903,-8.81249874166074
0.48820705690551947,-2.8925682154209547,-9.18954101804551
2.119045553672957,0.02334953670802231,-6.4438807907655535
0.10740055202168985,-3.1534615293097925,-10.10315890707647
3.090104169807056,-0.5441121228444501,-5.257834003355129
0.3778823140599745,-2.5201032049938776,-8.84248636983977
2.1736699133232134,-0.8271909096095091,-7.023954031353674
2.856963140182173,-0.5776945099342944,-5.719583002458424
1.219381129842354,-2.663496527803497,-9.443422775417616
2.2152413376505526,-1.086078444740786,-6.923315253222764
2.3806383643775755,-0.2378423554839012,-5.880390874186718
3.2278408748424985,0.4297648113122532,-5.944274914594447
1.7987885991710204,-1.123060854529648,-6.875521684382569
2.0230327038685383,-1.1283026090269956,-7.42199628984544
2.0423942175731575,-1.032931600686882,-6.488647253915766
2.373686819409504,-0.7451836207464151,-6.384088672277105
2.0544555909959543,-1.5558324297958204,-7.20171848000842
2.9732178517870578,0.18428412385418724,-5.633859070476796
1.7798826339761853,-1.3916064163738289,-7.496431979856652
1.9412517228953572,-1.3461012765915668,-7.059556474559435
2.437767834484929,-0.5852988003512953,-6.071290971139666
2.92173344494314,1.0362274165311152,-4.417420093184239
2.9000401888716607,-0.05468204089909001,-5.435023521470488
3.0114197900829907,-0.008540599423983108,-5.851403735356945
0.41629977093573234,-2.8498462574791636,-8.664112045371336
2.0183436155062022,-0.8530088336461688,-6.668777667094488
1.4324088834494106,-1.668969388537115,-8.419872307815393
1.2486540912337658,-2.134987217862246,-8.071856545697026
3.4601487694498507,-0.271466133907294,-6.007248516045034
